--
-- PostgreSQL database dump
--

-- Dumped from database version 17.4
-- Dumped by pg_dump version 17.4

-- Started on 2025-09-05 14:39:17

SET statement_timeout = 0;
SET lock_timeout = 0;
SET idle_in_transaction_session_timeout = 0;
SET transaction_timeout = 0;
SET client_encoding = 'UTF8';
SET standard_conforming_strings = on;
SELECT pg_catalog.set_config('search_path', '', false);
SET check_function_bodies = false;
SET xmloption = content;
SET client_min_messages = warning;
SET row_security = off;

--
-- TOC entry 4842 (class 0 OID 16692)
-- Dependencies: 219
-- Data for Name: kerveny; Type: TABLE DATA; Schema: public; Owner: postgres
--

INSERT INTO public.kerveny (id, nev, leiras, helyszin, cim, kezdo_datum, veg_datum, kezdo_idopont, veg_idopont, tipus, minosites, sajto, jelleg, programterv, berendezesi_mod, szallasigeny, szallasigeny_letszam, parkolo, parkolo_reszletek, internet, hulladek, hulladek_elszallitas_modja, hulladek_elszallitas_felelos, letszam, statusz, email, telefon, oktatastechnika, oktatas_eszkozok, korlatozott_mozgas, korlatozott_mozgas_reszletek, foto, foto_reszletek, cater, catering_tipus, epites, epites_kezdet, epites_veg, epites_vallalkozok, epites_magas, epites_allvany, epites_kezi, epites_gepi, takaritas, takaritas_alatt, villanyszerelo, aramigeny, leg_szennyezes, egyeb_tevekenyseg, vegyi_anyag, vegyi_anyag_leiras, tuzveszelyes_tevekenyseg, tuzveszelyes_tevekenyseg_leiras, dekoracio, dekoracio_leiras, felelos, lakcim, tovabbi_szervezo, tovabbi_telefon, tovabbi_email, tovabbi_neptun, tovabbi_lakcim, megrendelo_nev, megrendelo_cim, megrendelo_ado, megrendelo_telefon, megrendelo_email, portaszolgalat, portaszolgalat_leiras) OVERRIDING SYSTEM VALUE VALUES (7, 'Egyetemi Sportnap', 'Hallgatói sportverseny több sportágban', 'Egyetemi Sportcsarnok', '9026 Győr, Egyetem tér 1.', '2025-04-21 00:00:00', '2025-02-27 00:00:00', '10:00:00', '18:00:00', 'Egyetemi szervezésű sportrendezvény', 'Zártkörű', NULL, 'sportverseny', 'Megnyitó, csapatversenyek, egyéni versenyek, eredményhirdetés', 'Versenyállomások, bírói asztalok', NULL, NULL, NULL, 'Kb. 30 parkolóhely szükséges', NULL, NULL, 'egyetem', NULL, 200, 2, 'sport@sze.hu', '+36309876543', NULL, NULL, NULL, 'Akadálymentes megközelítés biztosított', NULL, 'Sport fotózás, videókészítés', NULL, '"[\"hideg étel\",\"kávé, tea, üdítő\"]"', NULL, NULL, NULL, NULL, NULL, NULL, NULL, NULL, NULL, NULL, 'nem szükséges', NULL, 'egyik sem várható', NULL, NULL, NULL, NULL, NULL, NULL, 'Egyetemi zászlók, molinók', 'Kovács Tamás', '9024 Győr, Ikva utca 8.', NULL, NULL, NULL, NULL, NULL, 'Széchenyi Egyetem Sportegyesület', '9026 Győr, Egyetem tér 1.', '18308344-2-41', '+3696503450', 'sport@sze.hu', NULL, 'Teljes időtartam alatt');
INSERT INTO public.kerveny (id, nev, leiras, helyszin, cim, kezdo_datum, veg_datum, kezdo_idopont, veg_idopont, tipus, minosites, sajto, jelleg, programterv, berendezesi_mod, szallasigeny, szallasigeny_letszam, parkolo, parkolo_reszletek, internet, hulladek, hulladek_elszallitas_modja, hulladek_elszallitas_felelos, letszam, statusz, email, telefon, oktatastechnika, oktatas_eszkozok, korlatozott_mozgas, korlatozott_mozgas_reszletek, foto, foto_reszletek, cater, catering_tipus, epites, epites_kezdet, epites_veg, epites_vallalkozok, epites_magas, epites_allvany, epites_kezi, epites_gepi, takaritas, takaritas_alatt, villanyszerelo, aramigeny, leg_szennyezes, egyeb_tevekenyseg, vegyi_anyag, vegyi_anyag_leiras, tuzveszelyes_tevekenyseg, tuzveszelyes_tevekenyseg_leiras, dekoracio, dekoracio_leiras, felelos, lakcim, tovabbi_szervezo, tovabbi_telefon, tovabbi_email, tovabbi_neptun, tovabbi_lakcim, megrendelo_nev, megrendelo_cim, megrendelo_ado, megrendelo_telefon, megrendelo_email, portaszolgalat, portaszolgalat_leiras) OVERRIDING SYSTEM VALUE VALUES (4, 'Teszt Rendezveny', NULL, 'Otthonasd', NULL, '2025-04-05 00:00:00', NULL, NULL, NULL, NULL, NULL, NULL, NULL, NULL, NULL, NULL, NULL, NULL, NULL, NULL, NULL, NULL, NULL, NULL, 4, NULL, NULL, NULL, NULL, NULL, NULL, NULL, NULL, NULL, NULL, NULL, NULL, NULL, NULL, NULL, NULL, NULL, NULL, NULL, NULL, NULL, NULL, NULL, NULL, NULL, NULL, NULL, NULL, NULL, NULL, NULL, NULL, NULL, NULL, NULL, NULL, NULL, NULL, NULL, NULL, NULL, NULL, NULL, NULL);
INSERT INTO public.kerveny (id, nev, leiras, helyszin, cim, kezdo_datum, veg_datum, kezdo_idopont, veg_idopont, tipus, minosites, sajto, jelleg, programterv, berendezesi_mod, szallasigeny, szallasigeny_letszam, parkolo, parkolo_reszletek, internet, hulladek, hulladek_elszallitas_modja, hulladek_elszallitas_felelos, letszam, statusz, email, telefon, oktatastechnika, oktatas_eszkozok, korlatozott_mozgas, korlatozott_mozgas_reszletek, foto, foto_reszletek, cater, catering_tipus, epites, epites_kezdet, epites_veg, epites_vallalkozok, epites_magas, epites_allvany, epites_kezi, epites_gepi, takaritas, takaritas_alatt, villanyszerelo, aramigeny, leg_szennyezes, egyeb_tevekenyseg, vegyi_anyag, vegyi_anyag_leiras, tuzveszelyes_tevekenyseg, tuzveszelyes_tevekenyseg_leiras, dekoracio, dekoracio_leiras, felelos, lakcim, tovabbi_szervezo, tovabbi_telefon, tovabbi_email, tovabbi_neptun, tovabbi_lakcim, megrendelo_nev, megrendelo_cim, megrendelo_ado, megrendelo_telefon, megrendelo_email, portaszolgalat, portaszolgalat_leiras) OVERRIDING SYSTEM VALUE VALUES (8, 'AAAAAAAAAAA', 'Teszt leírás', 'Szobám', 'Otthon', '2025-04-09 00:00:00', '2025-12-12 00:00:00', '13:23:00', '12:12:00', 'Egyetemi szervezésű hallgatói rendezvény', 'Nyilvános', NULL, '1dqsedq', 'qdqwdqwdqw', 'dwqdqwdqw', NULL, NULL, NULL, NULL, NULL, NULL, NULL, NULL, 21, 2, 'example@gmail.com', '06705672345', NULL, NULL, NULL, NULL, NULL, 'dasdasd', NULL, '"[\"hideg étel\",\"meleg étel\"]"', NULL, NULL, NULL, NULL, NULL, NULL, NULL, NULL, NULL, NULL, 'rendezvény előtt', NULL, 'páraképződés', NULL, NULL, NULL, NULL, NULL, NULL, NULL, 'John Doe', 'Mosonmagyaróvár', NULL, NULL, NULL, NULL, NULL, 'inc', 'Mosonmagyaróvár', '102120120', '06304563478', 'example@gmail.com', NULL, NULL);
INSERT INTO public.kerveny (id, nev, leiras, helyszin, cim, kezdo_datum, veg_datum, kezdo_idopont, veg_idopont, tipus, minosites, sajto, jelleg, programterv, berendezesi_mod, szallasigeny, szallasigeny_letszam, parkolo, parkolo_reszletek, internet, hulladek, hulladek_elszallitas_modja, hulladek_elszallitas_felelos, letszam, statusz, email, telefon, oktatastechnika, oktatas_eszkozok, korlatozott_mozgas, korlatozott_mozgas_reszletek, foto, foto_reszletek, cater, catering_tipus, epites, epites_kezdet, epites_veg, epites_vallalkozok, epites_magas, epites_allvany, epites_kezi, epites_gepi, takaritas, takaritas_alatt, villanyszerelo, aramigeny, leg_szennyezes, egyeb_tevekenyseg, vegyi_anyag, vegyi_anyag_leiras, tuzveszelyes_tevekenyseg, tuzveszelyes_tevekenyseg_leiras, dekoracio, dekoracio_leiras, felelos, lakcim, tovabbi_szervezo, tovabbi_telefon, tovabbi_email, tovabbi_neptun, tovabbi_lakcim, megrendelo_nev, megrendelo_cim, megrendelo_ado, megrendelo_telefon, megrendelo_email, portaszolgalat, portaszolgalat_leiras) OVERRIDING SYSTEM VALUE VALUES (3, 'szasdasdsadasda', 'Megváltoztatott leírás', 'Miklós', 'qdqwdwdqwdqwd', '2025-03-31 00:00:00', '2025-04-03 00:00:00', '02:31:00', '18:52:00', 'Egyetemi szervezésű rendezvény', 'Nyilvános', NULL, 'valamivalami', 'kjosdafpjkdspfoarqa', 'qewrtgerqgqeg', NULL, 5, NULL, 'RENDSZAM', NULL, NULL, 'sajat', 'Pisti', 30, 0, 'example@gmail.com', '06302345687', NULL, 'LAPTOP', NULL, 'SADAS', NULL, 'GOPRO', NULL, '"\"[\\\"kávé, tea, üdítő\\\",\\\"hideg étel\\\"]\""', NULL, '2025-12-12 00:00:00', '2025-02-14 00:00:00', 'DOKTOR BÉLA', NULL, NULL, NULL, NULL, NULL, NULL, 'rendezvény előtt', NULL, 'egyik sem várható', NULL, NULL, 'EFGDFGDFG', NULL, 'NEMTOM', NULL, 'LSDFLSDFL', 'TESZT PISTA', 'Győr,Egyetem K0', NULL, NULL, NULL, NULL, NULL, 'wdqw', 'qdq', '1231232', 'frwfwrf', 'akssdkakdasd', NULL, 'WREGWRGWR');
INSERT INTO public.kerveny (id, nev, leiras, helyszin, cim, kezdo_datum, veg_datum, kezdo_idopont, veg_idopont, tipus, minosites, sajto, jelleg, programterv, berendezesi_mod, szallasigeny, szallasigeny_letszam, parkolo, parkolo_reszletek, internet, hulladek, hulladek_elszallitas_modja, hulladek_elszallitas_felelos, letszam, statusz, email, telefon, oktatastechnika, oktatas_eszkozok, korlatozott_mozgas, korlatozott_mozgas_reszletek, foto, foto_reszletek, cater, catering_tipus, epites, epites_kezdet, epites_veg, epites_vallalkozok, epites_magas, epites_allvany, epites_kezi, epites_gepi, takaritas, takaritas_alatt, villanyszerelo, aramigeny, leg_szennyezes, egyeb_tevekenyseg, vegyi_anyag, vegyi_anyag_leiras, tuzveszelyes_tevekenyseg, tuzveszelyes_tevekenyseg_leiras, dekoracio, dekoracio_leiras, felelos, lakcim, tovabbi_szervezo, tovabbi_telefon, tovabbi_email, tovabbi_neptun, tovabbi_lakcim, megrendelo_nev, megrendelo_cim, megrendelo_ado, megrendelo_telefon, megrendelo_email, portaszolgalat, portaszolgalat_leiras) OVERRIDING SYSTEM VALUE VALUES (5, 'Digitális Átalakulás Konferencia', 'Digitális transzformáció és innovációs lehetőségek az iparban', 'Auditorium Maximum', '9026 Győr, Egyetem tér 1.', '2025-05-15 00:00:00', '2025-05-16 00:00:00', '09:00:00', '17:00:00', 'Egyetemi szervezésű rendezvény', 'Nyilvános', true, 'konferencia', 'Megnyitó beszéd, szakmai előadások, workshop, kerekasztal beszélgetés, zárszó', 'Színpad, széksorok, vetítővászon, előadói asztalok', true, 15, true, 'Kb. 50 gépkocsi, egyetemi parkolóban', true, true, 'egyetem', NULL, 150, 2, 'konferencia@sze.hu', '+36301234567', true, 'projektor, laptop, hangosítás, mikrofonok', false, NULL, true, 'professzionális fotós', true, '["kávé, tea, üdítő", "hideg étel"]', true, '2025-05-14 10:00:00', '2025-05-16 19:00:00', 'Technikai csapat, AV szolgáltató', NULL, NULL, NULL, NULL, true, true, 'rendezvény előtt', 'igen', 'egyik sem várható', NULL, false, NULL, false, NULL, true, 'Roll-up bannerek, virágdekoráció', 'Dr. Nagy János', '9024 Győr, Budai út 5.', 'igen', '+36207654321', 'nagy.janos@sze.hu', NULL, NULL, 'Széchenyi István Egyetem', '9026 Győr, Egyetem tér 1.', '18308344-2-41', '+3696503400', 'info@sze.hu', true, 'Teljes nyitvatartás alatt portaszolgálat szükséges');
INSERT INTO public.kerveny (id, nev, leiras, helyszin, cim, kezdo_datum, veg_datum, kezdo_idopont, veg_idopont, tipus, minosites, sajto, jelleg, programterv, berendezesi_mod, szallasigeny, szallasigeny_letszam, parkolo, parkolo_reszletek, internet, hulladek, hulladek_elszallitas_modja, hulladek_elszallitas_felelos, letszam, statusz, email, telefon, oktatastechnika, oktatas_eszkozok, korlatozott_mozgas, korlatozott_mozgas_reszletek, foto, foto_reszletek, cater, catering_tipus, epites, epites_kezdet, epites_veg, epites_vallalkozok, epites_magas, epites_allvany, epites_kezi, epites_gepi, takaritas, takaritas_alatt, villanyszerelo, aramigeny, leg_szennyezes, egyeb_tevekenyseg, vegyi_anyag, vegyi_anyag_leiras, tuzveszelyes_tevekenyseg, tuzveszelyes_tevekenyseg_leiras, dekoracio, dekoracio_leiras, felelos, lakcim, tovabbi_szervezo, tovabbi_telefon, tovabbi_email, tovabbi_neptun, tovabbi_lakcim, megrendelo_nev, megrendelo_cim, megrendelo_ado, megrendelo_telefon, megrendelo_email, portaszolgalat, portaszolgalat_leiras) OVERRIDING SYSTEM VALUE VALUES (6, 'Egyetemi Tavaszi Fesztivál', 'Hallgatói rendezvény koncertekkel, programokkal', 'Campus szabadtéri terület', '9026 Győr, Egyetem tér 1.', '2025-04-20 00:00:00', '2025-04-22 00:00:00', '14:00:00', '23:00:00', 'Egyetemi szervezésű hallgatói rendezvény', 'Nyilvános', true, 'fesztivál', 'Zenei programok, táncbemutatók, versenyek, játékok', 'Színpad, nézőtér, standok', false, NULL, true, 'Campus és környéki parkolók, kb. 200 autó', true, true, 'sajat', 'ABC Hulladékkezelő Kft.', 800, 1, 'fesztival@ehok.sze.hu', '+36203456789', false, NULL, true, 'Kerekesszékes bejárat és mosdó biztosítva', true, 'kamerák, drón', true, '["meleg étel", "hideg étel", "kávé, tea, üdítő"]', true, '2025-04-19 08:00:00', '2025-04-23 12:00:00', 'XYZ Színpadtechnika, Food Truck szolgáltatók', NULL, NULL, NULL, NULL, true, true, 'rendezvény közben', 'igen', 'egyik sem várható', NULL, false, NULL, true, 'Tűzijáték, az engedélyek beszerzésre kerültek', true, 'Fényfüzérek, léggömbök, zászlók', 'Kiss Péter', '9022 Győr, Árpád út 12.', 'igen', '+36701234567', 'kiss.peter@ehok.sze.hu', NULL, NULL, 'Széchenyi Egyetem Hallgatói Önkormányzat', '9026 Győr, Egyetem tér 1.', '18308344-2-41', '+3696503500', 'ehok@sze.hu', true, 'Este 22:00 után fokozott portaszolgálat');
INSERT INTO public.kerveny (id, nev, leiras, helyszin, cim, kezdo_datum, veg_datum, kezdo_idopont, veg_idopont, tipus, minosites, sajto, jelleg, programterv, berendezesi_mod, szallasigeny, szallasigeny_letszam, parkolo, parkolo_reszletek, internet, hulladek, hulladek_elszallitas_modja, hulladek_elszallitas_felelos, letszam, statusz, email, telefon, oktatastechnika, oktatas_eszkozok, korlatozott_mozgas, korlatozott_mozgas_reszletek, foto, foto_reszletek, cater, catering_tipus, epites, epites_kezdet, epites_veg, epites_vallalkozok, epites_magas, epites_allvany, epites_kezi, epites_gepi, takaritas, takaritas_alatt, villanyszerelo, aramigeny, leg_szennyezes, egyeb_tevekenyseg, vegyi_anyag, vegyi_anyag_leiras, tuzveszelyes_tevekenyseg, tuzveszelyes_tevekenyseg_leiras, dekoracio, dekoracio_leiras, felelos, lakcim, tovabbi_szervezo, tovabbi_telefon, tovabbi_email, tovabbi_neptun, tovabbi_lakcim, megrendelo_nev, megrendelo_cim, megrendelo_ado, megrendelo_telefon, megrendelo_email, portaszolgalat, portaszolgalat_leiras) OVERRIDING SYSTEM VALUE VALUES (9, 'asdasdasdasdsa', 'dasdasdasd', 'dasdsad', '9026 Győr Egyetem tér 1', '2025-04-17 00:00:00', '2025-04-18 00:00:00', '20:48:00', '21:49:00', 'Egyetemi szervezésű hallgatói rendezvény', 'Nyilvános', false, 'adasdas', 'dsadsa', 'dsadasad', false, NULL, false, NULL, false, false, NULL, NULL, 20, 0, 'example@gmail.com', '+36 20 123 4567', false, NULL, false, NULL, false, NULL, false, '[]', false, NULL, NULL, NULL, NULL, NULL, NULL, NULL, false, false, 'rendezvény közben', 'false', 'páraképződés', NULL, false, NULL, false, NULL, false, NULL, 'adsad', '1061 Budapest, Andrássy út 1.', NULL, NULL, NULL, NULL, NULL, 'adasdas', '1061 Budapest, Andrássy út 1.', '12345678-1-23', '+36 20 123 4567', 'pelda@email.hu', false, NULL);
INSERT INTO public.kerveny (id, nev, leiras, helyszin, cim, kezdo_datum, veg_datum, kezdo_idopont, veg_idopont, tipus, minosites, sajto, jelleg, programterv, berendezesi_mod, szallasigeny, szallasigeny_letszam, parkolo, parkolo_reszletek, internet, hulladek, hulladek_elszallitas_modja, hulladek_elszallitas_felelos, letszam, statusz, email, telefon, oktatastechnika, oktatas_eszkozok, korlatozott_mozgas, korlatozott_mozgas_reszletek, foto, foto_reszletek, cater, catering_tipus, epites, epites_kezdet, epites_veg, epites_vallalkozok, epites_magas, epites_allvany, epites_kezi, epites_gepi, takaritas, takaritas_alatt, villanyszerelo, aramigeny, leg_szennyezes, egyeb_tevekenyseg, vegyi_anyag, vegyi_anyag_leiras, tuzveszelyes_tevekenyseg, tuzveszelyes_tevekenyseg_leiras, dekoracio, dekoracio_leiras, felelos, lakcim, tovabbi_szervezo, tovabbi_telefon, tovabbi_email, tovabbi_neptun, tovabbi_lakcim, megrendelo_nev, megrendelo_cim, megrendelo_ado, megrendelo_telefon, megrendelo_email, portaszolgalat, portaszolgalat_leiras) OVERRIDING SYSTEM VALUE VALUES (10, 'asdasdasdasdsa', 'dasdasdasd', 'dasdsad', '9026 Győr Egyetem tér 1', '2025-04-17 00:00:00', '2025-04-18 00:00:00', '20:48:00', '21:49:00', 'Egyetemi szervezésű hallgatói rendezvény', 'Nyilvános', false, 'adasdas', 'dsadsa', 'dsadasad', false, NULL, false, NULL, false, false, NULL, NULL, 20, 0, 'example@gmail.com', '+36 20 123 4567', false, NULL, false, NULL, false, NULL, false, '[]', false, NULL, NULL, NULL, NULL, NULL, NULL, NULL, false, false, 'rendezvény közben', 'false', 'páraképződés', NULL, false, NULL, false, NULL, false, NULL, 'adsad', '1061 Budapest, Andrássy út 1.', NULL, NULL, NULL, NULL, NULL, 'adasdas', '1061 Budapest, Andrássy út 1.', '12345678-1-23', '+36 20 123 4567', 'pelda@email.hu', false, NULL);
INSERT INTO public.kerveny (id, nev, leiras, helyszin, cim, kezdo_datum, veg_datum, kezdo_idopont, veg_idopont, tipus, minosites, sajto, jelleg, programterv, berendezesi_mod, szallasigeny, szallasigeny_letszam, parkolo, parkolo_reszletek, internet, hulladek, hulladek_elszallitas_modja, hulladek_elszallitas_felelos, letszam, statusz, email, telefon, oktatastechnika, oktatas_eszkozok, korlatozott_mozgas, korlatozott_mozgas_reszletek, foto, foto_reszletek, cater, catering_tipus, epites, epites_kezdet, epites_veg, epites_vallalkozok, epites_magas, epites_allvany, epites_kezi, epites_gepi, takaritas, takaritas_alatt, villanyszerelo, aramigeny, leg_szennyezes, egyeb_tevekenyseg, vegyi_anyag, vegyi_anyag_leiras, tuzveszelyes_tevekenyseg, tuzveszelyes_tevekenyseg_leiras, dekoracio, dekoracio_leiras, felelos, lakcim, tovabbi_szervezo, tovabbi_telefon, tovabbi_email, tovabbi_neptun, tovabbi_lakcim, megrendelo_nev, megrendelo_cim, megrendelo_ado, megrendelo_telefon, megrendelo_email, portaszolgalat, portaszolgalat_leiras) OVERRIDING SYSTEM VALUE VALUES (11, 'asdasdasdasdsa', 'dasdasdasd', 'dasdsad', '9026 Győr Egyetem tér 1', '2025-04-17 00:00:00', '2025-04-18 00:00:00', '20:48:00', '21:49:00', 'Egyetemi szervezésű hallgatói rendezvény', 'Nyilvános', false, 'adasdas', 'dsadsa', 'dsadasad', false, NULL, false, NULL, false, false, NULL, NULL, 20, 0, 'example@gmail.com', '+36 20 123 4567', false, NULL, false, NULL, false, NULL, false, '[]', false, NULL, NULL, NULL, NULL, NULL, NULL, NULL, false, false, 'rendezvény közben', 'false', 'páraképződés', NULL, false, NULL, false, NULL, false, NULL, 'adsad', '1061 Budapest, Andrássy út 1.', NULL, NULL, NULL, NULL, NULL, 'adasdas', '1061 Budapest, Andrássy út 1.', '12345678-1-23', '+36 20 123 4567', 'pelda@email.hu', false, NULL);
INSERT INTO public.kerveny (id, nev, leiras, helyszin, cim, kezdo_datum, veg_datum, kezdo_idopont, veg_idopont, tipus, minosites, sajto, jelleg, programterv, berendezesi_mod, szallasigeny, szallasigeny_letszam, parkolo, parkolo_reszletek, internet, hulladek, hulladek_elszallitas_modja, hulladek_elszallitas_felelos, letszam, statusz, email, telefon, oktatastechnika, oktatas_eszkozok, korlatozott_mozgas, korlatozott_mozgas_reszletek, foto, foto_reszletek, cater, catering_tipus, epites, epites_kezdet, epites_veg, epites_vallalkozok, epites_magas, epites_allvany, epites_kezi, epites_gepi, takaritas, takaritas_alatt, villanyszerelo, aramigeny, leg_szennyezes, egyeb_tevekenyseg, vegyi_anyag, vegyi_anyag_leiras, tuzveszelyes_tevekenyseg, tuzveszelyes_tevekenyseg_leiras, dekoracio, dekoracio_leiras, felelos, lakcim, tovabbi_szervezo, tovabbi_telefon, tovabbi_email, tovabbi_neptun, tovabbi_lakcim, megrendelo_nev, megrendelo_cim, megrendelo_ado, megrendelo_telefon, megrendelo_email, portaszolgalat, portaszolgalat_leiras) OVERRIDING SYSTEM VALUE VALUES (12, 'gfgdfgfdg', 'fdgdfgdf', 'gfdgfd', '4028 Debrecen Kassai út 26', '2025-04-15 00:00:00', '2025-04-15 00:00:00', '21:29:00', '22:30:00', 'Külső szervezésű sportrendezvény', 'Nyilvános', false, 'dasd', 'asdasdas', 'dasdadsa', false, NULL, false, NULL, false, false, NULL, NULL, 30, 2, 'example@gmail.com', '+36 20 123 4567', false, NULL, false, NULL, false, NULL, false, '[]', false, NULL, NULL, NULL, NULL, NULL, NULL, NULL, false, false, 'rendezvény közben', 'false', 'páraképződés', NULL, false, NULL, false, NULL, false, NULL, 'dsadasdasdasd', '1061 Budapest, Andrássy út 1.', NULL, NULL, NULL, NULL, NULL, 'adasdas', '1061 Budapest, Andrássy út 1.', '12345678-1-23', '+36 20 123 4567', 'pelda@email.hu', false, NULL);
INSERT INTO public.kerveny (id, nev, leiras, helyszin, cim, kezdo_datum, veg_datum, kezdo_idopont, veg_idopont, tipus, minosites, sajto, jelleg, programterv, berendezesi_mod, szallasigeny, szallasigeny_letszam, parkolo, parkolo_reszletek, internet, hulladek, hulladek_elszallitas_modja, hulladek_elszallitas_felelos, letszam, statusz, email, telefon, oktatastechnika, oktatas_eszkozok, korlatozott_mozgas, korlatozott_mozgas_reszletek, foto, foto_reszletek, cater, catering_tipus, epites, epites_kezdet, epites_veg, epites_vallalkozok, epites_magas, epites_allvany, epites_kezi, epites_gepi, takaritas, takaritas_alatt, villanyszerelo, aramigeny, leg_szennyezes, egyeb_tevekenyseg, vegyi_anyag, vegyi_anyag_leiras, tuzveszelyes_tevekenyseg, tuzveszelyes_tevekenyseg_leiras, dekoracio, dekoracio_leiras, felelos, lakcim, tovabbi_szervezo, tovabbi_telefon, tovabbi_email, tovabbi_neptun, tovabbi_lakcim, megrendelo_nev, megrendelo_cim, megrendelo_ado, megrendelo_telefon, megrendelo_email, portaszolgalat, portaszolgalat_leiras) OVERRIDING SYSTEM VALUE VALUES (13, 'SZEX9', 'ASDASDASDASD', 'sadada', '4028 Debrecen Kassai út 26', '2025-08-07 00:00:00', '2025-08-07 00:00:00', '14:24:00', '14:24:00', 'Egyetemi szervezésű hallgatói rendezvény', 'Nyilvános', false, 'Workshop', 'SZEX', NULL, false, NULL, false, NULL, false, false, NULL, NULL, 300, 0, 'asdsadsad@szex.hu', '+36 20 123 4567', false, NULL, false, NULL, false, NULL, false, '[]', false, NULL, NULL, NULL, NULL, NULL, NULL, NULL, false, false, 'nem szükséges', 'false', 'por', NULL, false, NULL, false, NULL, false, NULL, 'szex', '1061 Budapest, Andrássy út 1.', NULL, NULL, NULL, NULL, NULL, 'asd', '1061 Budapest, Andrássy út 1.', '12345678-1-23', '+36 20 123 4567', 'pelda@email.hu', false, NULL);


--
-- TOC entry 4844 (class 0 OID 16733)
-- Dependencies: 221
-- Data for Name: prices; Type: TABLE DATA; Schema: public; Owner: postgres
--

INSERT INTO public.prices (id, megnevezes, kategoria, mertekegyseg, ar_egyetem, ar_egyetem_hetvege, ar_kulso, ar_kulso_hetvege, megjegyzes) VALUES (2, 'Eseti beltéri takarítás óradíja', 'Általános', 'fő/óra', 3000, 3500, 3800, 4800, '');
INSERT INTO public.prices (id, megnevezes, kategoria, mertekegyseg, ar_egyetem, ar_egyetem_hetvege, ar_kulso, ar_kulso_hetvege, megjegyzes) VALUES (4, 'Eseti kültéri takarítás óradíja', 'Általános', 'fő/óra', 3000, 3500, 3800, 4800, '');
INSERT INTO public.prices (id, megnevezes, kategoria, mertekegyseg, ar_egyetem, ar_egyetem_hetvege, ar_kulso, ar_kulso_hetvege, megjegyzes) VALUES (5, 'Eseti karbantartási feladatok óradíja', 'Általános', 'fő/óra', 3900, 4500, 5000, 6000, '');
INSERT INTO public.prices (id, megnevezes, kategoria, mertekegyseg, ar_egyetem, ar_egyetem_hetvege, ar_kulso, ar_kulso_hetvege, megjegyzes) VALUES (6, 'Eseti gondnoksági feladatok óradíja', 'Általános', 'fő/óra', 3900, 4500, 5000, 6000, '');
INSERT INTO public.prices (id, megnevezes, kategoria, mertekegyseg, ar_egyetem, ar_egyetem_hetvege, ar_kulso, ar_kulso_hetvege, megjegyzes) VALUES (9, 'Rendezvénybiztos szolgáltatás díja (rendezvényeken femerülő biztonsági feladatok koordinálása, min. 4 óra)', 'Általános', 'fő/óra', 5500, 5500, 6000, 6000, '');
INSERT INTO public.prices (id, megnevezes, kategoria, mertekegyseg, ar_egyetem, ar_egyetem_hetvege, ar_kulso, ar_kulso_hetvege, megjegyzes) VALUES (10, 'Rendezvényeken, indokolt esetben egyéb helyszíneken biztonsági személyzet díja (min. 4 óra)', 'Általános', 'fő/óra', 3500, 3500, 3900, 3900, '');
INSERT INTO public.prices (id, megnevezes, kategoria, mertekegyseg, ar_egyetem, ar_egyetem_hetvege, ar_kulso, ar_kulso_hetvege, megjegyzes) VALUES (11, 'Zenés-táncos rendezvényeken, indokolt esetben kiemelt helyszíneken biztonsági személyzet díja (min. 4 óra)', 'Általános', 'fő/óra', 3900, 3900, 4500, 4500, '');
INSERT INTO public.prices (id, megnevezes, kategoria, mertekegyseg, ar_egyetem, ar_egyetem_hetvege, ar_kulso, ar_kulso_hetvege, megjegyzes) VALUES (12, 'Tűz- munkavédelmi szolgáltatás díja', 'Általános', 'fő/óra', 8500, 8500, 11000, 11000, '');
INSERT INTO public.prices (id, megnevezes, kategoria, mertekegyseg, ar_egyetem, ar_egyetem_hetvege, ar_kulso, ar_kulso_hetvege, megjegyzes) VALUES (3, 'Eseti recepció/porta óradíja', 'Általános', 'fő/óra', 3000, 3000, 3800, 3800, '');
INSERT INTO public.prices (id, megnevezes, kategoria, mertekegyseg, ar_egyetem, ar_egyetem_hetvege, ar_kulso, ar_kulso_hetvege, megjegyzes) VALUES (13, 'Biztonságtechnikai szolgáltatás díja', 'Általános', 'fő/óra', 8000, 8000, 10000, 10000, '');
INSERT INTO public.prices (id, megnevezes, kategoria, mertekegyseg, ar_egyetem, ar_egyetem_hetvege, ar_kulso, ar_kulso_hetvege, megjegyzes) VALUES (8, 'Rendezvény biztonságszervezés, biztonsági dokumentáció díja, általános helyszín', 'Általános', NULL, 50000, 50000, 70000, 70000, '');
INSERT INTO public.prices (id, megnevezes, kategoria, mertekegyseg, ar_egyetem, ar_egyetem_hetvege, ar_kulso, ar_kulso_hetvege, megjegyzes) VALUES (7, 'Rendezvény biztonságszervezés, biztonsági dokumentáció díja, kiemelt helyszín', 'Általános', NULL, 85000, 85000, 110000, 110000, '');


--
-- TOC entry 4848 (class 0 OID 16772)
-- Dependencies: 225
-- Data for Name: role_audit; Type: TABLE DATA; Schema: public; Owner: postgres
--

INSERT INTO public.role_audit (id, user_id, neptun_code, old_role, new_role, changed_by, reason, changed_at) VALUES (1, 5, 'DA44ZT', 'Uni-Famulus', 'Főadmin', NULL, NULL, '2025-09-05 00:46:38.147891+02');
INSERT INTO public.role_audit (id, user_id, neptun_code, old_role, new_role, changed_by, reason, changed_at) VALUES (2, 5, 'DA44ZT', 'Főadmin', 'Főadmin', NULL, NULL, '2025-09-05 03:19:11.04369+02');
INSERT INTO public.role_audit (id, user_id, neptun_code, old_role, new_role, changed_by, reason, changed_at) VALUES (3, 1, 'C5YIYQ', 'Uni-Famulus', 'Főadmin', NULL, NULL, '2025-09-05 12:14:12.57559+02');
INSERT INTO public.role_audit (id, user_id, neptun_code, old_role, new_role, changed_by, reason, changed_at) VALUES (4, 1, 'C5YIYQ', 'Főadmin', 'Uni-Famulus', NULL, NULL, '2025-09-05 12:14:20.207104+02');


--
-- TOC entry 4840 (class 0 OID 16686)
-- Dependencies: 217
-- Data for Name: statusz; Type: TABLE DATA; Schema: public; Owner: postgres
--

INSERT INTO public.statusz (id, statusz) VALUES (1, 'Elfogadásra vár');
INSERT INTO public.statusz (id, statusz) VALUES (2, 'Elfogadva');
INSERT INTO public.statusz (id, statusz) VALUES (3, 'Elutasítva');
INSERT INTO public.statusz (id, statusz) VALUES (0, 'Feldolgozás alatt');
INSERT INTO public.statusz (id, statusz) VALUES (4, 'Archivált');


--
-- TOC entry 4846 (class 0 OID 16746)
-- Dependencies: 223
-- Data for Name: users; Type: TABLE DATA; Schema: public; Owner: postgres
--

INSERT INTO public.users (id, email, password_hash, full_name, neptun_code, role, role_assigned_at, is_active, last_login, created_at, updated_at, avatar_url) VALUES (1, 'souris20013@gmail.com', '$2b$10$S/XV70msyftONa8FkYG/Y.KZaJeNqK7DL7iohHFyT5ifuxJEJIsV.', 'Haselberger Viktor', 'C5YIYQ', 'Uni-Famulus', '2025-09-05 12:14:20.205966+02', true, NULL, '2025-09-05 00:04:03.165597+02', '2025-09-05 12:14:20.205966+02', NULL);
INSERT INTO public.users (id, email, password_hash, full_name, neptun_code, role, role_assigned_at, is_active, last_login, created_at, updated_at, avatar_url) VALUES (5, 'example@gmail.com', '$2b$10$t7r9607yPdkK/BtEVM6Lp.mD4mTtUjy7XxIvJkdgT.5v9BilH5SD2', 'John Winchester', 'DA44ZT', 'Főadmin', '2025-09-05 03:19:11.038194+02', true, NULL, '2025-09-05 00:36:50.282286+02', '2025-09-05 14:37:23.28+02', '/uploads/anon-1757075843277.png');


--
-- TOC entry 4857 (class 0 OID 0)
-- Dependencies: 218
-- Name: kerveny_id_seq; Type: SEQUENCE SET; Schema: public; Owner: postgres
--

SELECT pg_catalog.setval('public.kerveny_id_seq', 13, true);


--
-- TOC entry 4858 (class 0 OID 0)
-- Dependencies: 220
-- Name: prices_id_seq; Type: SEQUENCE SET; Schema: public; Owner: postgres
--

SELECT pg_catalog.setval('public.prices_id_seq', 13, true);


--
-- TOC entry 4859 (class 0 OID 0)
-- Dependencies: 224
-- Name: role_audit_id_seq; Type: SEQUENCE SET; Schema: public; Owner: postgres
--

SELECT pg_catalog.setval('public.role_audit_id_seq', 4, true);


--
-- TOC entry 4860 (class 0 OID 0)
-- Dependencies: 222
-- Name: users_id_seq; Type: SEQUENCE SET; Schema: public; Owner: postgres
--

SELECT pg_catalog.setval('public.users_id_seq', 11, true);


-- Completed on 2025-09-05 14:39:17

--
-- PostgreSQL database dump complete
--

